CLOSE_DEF_PERSON_ID,PLAYER_NAME,PLAYER_LAST_TEAM_ID,PLAYER_LAST_TEAM_ABBREVIATION,PLAYER_POSITION,AGE,GP,G,FREQ,FGM_LT_06,FGA_LT_06,LT_06_PCT,NS_LT_06_PCT,PLUSMINUS
201572,Brook Lopez,1610612749,MIL,C,37.0,80,80,0.394,316,579,0.546,0.634,-0.088
1626167,Myles Turner,1610612754,IND,C-F,29.0,72,72,0.534,316,574,0.551,0.63,-0.079
1627826,Ivica Zubac,1610612746,LAC,C,28.0,80,80,0.413,310,572,0.542,0.636,-0.094
1642259,Alex Sarr,1610612764,WAS,C,20.0,67,67,0.502,337,566,0.595,0.644,-0.049
1630578,Alperen Sengun,1610612745,HOU,C,22.0,76,75,0.458,329,563,0.584,0.632,-0.048
203999,Nikola Jokić,1610612743,DEN,C,30.0,70,69,0.398,341,494,0.69,0.643,0.047
1642274,Yves Missi,1610612740,NOP,C,21.0,73,73,0.46,288,490,0.588,0.636,-0.049
202696,Nikola Vučević,1610612741,CHI,C,34.0,73,72,0.408,311,487,0.639,0.643,-0.005
1628386,Jarrett Allen,1610612739,CLE,C,27.0,81,81,0.426,257,475,0.541,0.636,-0.095
1627734,Domantas Sabonis,1610612758,SAC,F-C,29.0,70,68,0.431,281,467,0.602,0.641,-0.039
1630596,Evan Mobley,1610612739,CLE,C,24.0,71,71,0.389,258,464,0.556,0.63,-0.074
203497,Rudy Gobert,1610612750,MIN,C,33.0,72,72,0.382,241,463,0.521,0.632,-0.111
1626157,Karl-Anthony Towns,1610612752,NYK,C-F,29.0,72,71,0.405,289,444,0.651,0.635,0.016
1631117,Walker Kessler,1610612762,UTA,C,23.0,58,58,0.405,215,439,0.49,0.639,-0.149
1631105,Jalen Duren,1610612765,DET,C,21.0,78,78,0.406,246,408,0.603,0.635,-0.032
1627751,Jakob Poeltl,1610612761,TOR,C,29.0,57,57,0.437,223,376,0.593,0.647,-0.054
1641705,Victor Wembanyama,1610612759,SAS,F-C,21.0,46,46,0.448,164,376,0.436,0.639,-0.203
1630168,Onyeka Okongwu,1610612737,ATL,F-C,24.0,74,74,0.393,229,375,0.611,0.643,-0.032
1628404,Josh Hart,1610612752,NYK,G,30.0,77,75,0.336,252,364,0.692,0.63,0.062
1628991,Jaren Jackson Jr.,1610612763,MEM,F-C,25.0,74,74,0.366,178,360,0.494,0.633,-0.138
1629651,Nic Claxton,1610612751,BKN,C,26.0,70,69,0.451,194,360,0.539,0.639,-0.1
1629655,Daniel Gafford,1610612742,DAL,F-C,26.0,57,57,0.448,170,359,0.474,0.626,-0.153
1630208,Nick Richards,1610612756,PHX,C,27.0,56,55,0.476,195,356,0.548,0.634,-0.086
1627783,Pascal Siakam,1610612754,IND,F,31.0,78,78,0.331,216,353,0.612,0.627,-0.015
1628389,Bam Adebayo,1610612748,MIA,C-F,27.0,78,76,0.362,219,348,0.629,0.639,-0.01
1631099,Keegan Murray,1610612758,SAC,F,24.0,76,76,0.33,196,346,0.566,0.63,-0.064
1628401,Derrick White,1610612738,BOS,G,30.0,76,74,0.334,203,344,0.59,0.618,-0.028
1627824,Guerschon Yabusele,1610612755,PHI,F,29.0,70,68,0.468,237,340,0.697,0.639,0.058
1630191,Isaiah Stewart,1610612765,DET,F-C,24.0,72,68,0.4,142,338,0.42,0.628,-0.208
1629675,Naz Reid,1610612750,MIN,C-F,25.0,80,78,0.387,196,337,0.582,0.631,-0.049
1641744,Zach Edey,1610612763,MEM,C,23.0,66,63,0.404,187,336,0.557,0.632,-0.075
1642271,Kyle Filipowski,1610612762,UTA,C,21.0,72,70,0.434,231,333,0.694,0.631,0.062
1641739,Toumani Camara,1610612757,POR,F,25.0,78,77,0.35,219,331,0.662,0.636,0.026
1630700,Dyson Daniels,1610612737,ATL,G,22.0,76,75,0.326,222,330,0.673,0.628,0.045
202685,Jonas Valanciunas,1610612758,SAC,C,33.0,81,80,0.416,212,326,0.65,0.651,0.0
1642276,Kel'el Ware,1610612748,MIA,C,21.0,63,61,0.483,189,324,0.583,0.636,-0.053
1630183,Jaden McDaniels,1610612750,MIN,F,24.0,82,79,0.303,187,317,0.59,0.63,-0.04
1628976,Wendell Carter Jr.,1610612753,ORL,C-F,26.0,68,67,0.421,179,316,0.566,0.632,-0.066
1630567,Scottie Barnes,1610612761,TOR,F-G,23.0,65,64,0.398,186,314,0.592,0.629,-0.037
203076,Anthony Davis,1610612742,DAL,F-C,32.0,51,50,0.376,157,314,0.5,0.638,-0.138
1628436,Luke Kornet,1610612738,BOS,C-F,29.0,71,70,0.396,152,308,0.494,0.623,-0.129
1628392,Isaiah Hartenstein,1610612760,OKC,C-F,27.0,57,57,0.4,176,307,0.573,0.629,-0.056
1642270,Donovan Clingan,1610612757,POR,C,21.0,67,65,0.367,135,306,0.441,0.636,-0.195
203110,Draymond Green,1610612744,GSW,F,35.0,68,66,0.337,169,304,0.556,0.632,-0.076
203486,Mason Plumlee,1610612756,PHX,F-C,35.0,74,70,0.437,179,304,0.589,0.64,-0.052
1630166,Deni Avdija,1610612757,POR,F,24.0,72,71,0.339,186,294,0.633,0.635,-0.002
1627750,Jamal Murray,1610612743,DEN,G,28.0,67,65,0.29,199,293,0.679,0.631,0.049
1630581,Josh Giddey,1610612741,CHI,G,22.0,69,69,0.338,188,289,0.651,0.624,0.026
1630559,Austin Reaves,1610612747,LAL,G,27.0,73,70,0.295,207,285,0.726,0.626,0.1
1641824,Matas Buzelis,1610612741,CHI,F,20.0,77,68,0.427,152,283,0.537,0.629,-0.092
1629048,Goga Bitadze,1610612753,ORL,C-F,25.0,70,67,0.374,154,279,0.552,0.636,-0.084
204001,Kristaps Porziņģis,1610612738,BOS,F-C,29.0,42,40,0.405,133,278,0.478,0.637,-0.159
1629008,Michael Porter Jr.,1610612743,DEN,F,27.0,77,74,0.35,184,278,0.662,0.636,0.026
1628969,Mikal Bridges,1610612752,NYK,G-F,28.0,81,78,0.297,174,277,0.628,0.62,0.009
1628983,Shai Gilgeous-Alexander,1610612760,OKC,G,26.0,76,74,0.313,175,276,0.634,0.63,0.004
1630595,Cade Cunningham,1610612765,DET,G,23.0,70,70,0.291,166,272,0.61,0.638,-0.027
1631108,Max Christie,1610612742,DAL,G,22.0,77,74,0.348,166,272,0.61,0.628,-0.017
1642273,Kyshawn George,1610612764,WAS,F,21.0,67,66,0.309,160,270,0.593,0.627,-0.034
201935,James Harden,1610612746,LAC,G,35.0,79,77,0.3,200,268,0.746,0.629,0.117
1630224,Jalen Green,1610612745,HOU,G,23.0,82,76,0.335,176,264,0.667,0.626,0.041
1631212,Peyton Watson,1610612743,DEN,G,22.0,68,64,0.367,144,264,0.545,0.626,-0.081
1631097,Bennedict Mathurin,1610612754,IND,G-F,23.0,72,67,0.359,180,261,0.69,0.617,0.073
203507,Giannis Antetokounmpo,1610612749,MIL,F,30.0,67,64,0.339,135,261,0.517,0.639,-0.122
1630577,Julian Champagnie,1610612759,SAS,F,24.0,82,78,0.332,178,259,0.687,0.623,0.065
203944,Julius Randle,1610612750,MIN,F-C,30.0,69,65,0.313,172,256,0.672,0.632,0.04
1629639,Tyler Herro,1610612748,MIA,G,25.0,77,74,0.325,170,254,0.669,0.619,0.05
1629023,P.J. Washington,1610612742,DAL,F,26.0,57,56,0.36,151,252,0.599,0.63,-0.03
1626162,Kelly Oubre Jr.,1610612755,PHI,F-G,29.0,60,59,0.342,171,251,0.681,0.632,0.049
1628418,Thomas Bryant,1610612754,IND,C-F,27.0,64,63,0.562,144,250,0.576,0.628,-0.052
1631217,Moussa Diabaté,1610612766,CHA,F,23.0,69,66,0.412,143,249,0.574,0.63,-0.055
1642258,Zaccharie Risacher,1610612737,ATL,F,20.0,75,68,0.319,169,248,0.681,0.632,0.049
1628384,OG Anunoby,1610612752,NYK,F-G,27.0,74,72,0.254,150,246,0.61,0.631,-0.021
1631109,Mark Williams,1610612766,CHA,C,23.0,43,43,0.355,152,244,0.623,0.653,-0.03
1628415,Dillon Brooks,1610612745,HOU,G-F,29.0,75,71,0.266,161,242,0.665,0.633,0.032
1630173,Precious Achiuwa,1610612752,NYK,F,25.0,57,53,0.443,151,236,0.64,0.628,0.012
1630583,Santi Aldama,1610612763,MEM,F-C,24.0,65,64,0.375,150,235,0.638,0.633,0.006
1641737,Adem Bona,1610612755,PHI,F,22.0,50,49,0.471,124,234,0.53,0.626,-0.096
1631095,Jabari Smith Jr.,1610612745,HOU,F,22.0,57,55,0.4,130,234,0.556,0.621,-0.066
1629638,Nickeil Alexander-Walker,1610612750,MIN,G,26.0,82,76,0.32,159,234,0.679,0.619,0.06
1628970,Miles Bridges,1610612766,CHA,F,27.0,63,61,0.301,137,233,0.588,0.638,-0.05
1630530,Trey Murphy III,1610612740,NOP,F,25.0,52,52,0.349,162,233,0.695,0.631,0.064
1627827,Dorian Finney-Smith,1610612747,LAL,F,32.0,63,63,0.35,144,232,0.621,0.631,-0.011
1629640,Keldon Johnson,1610612759,SAS,F-G,25.0,77,70,0.364,150,231,0.649,0.634,0.016
1631110,Jeremy Sochan,1610612759,SAS,F,22.0,54,52,0.38,145,231,0.628,0.619,0.009
2544,LeBron James,1610612747,LAL,F,40.0,70,66,0.31,150,230,0.652,0.626,0.026
1641726,Dereck Lively II,1610612742,DAL,C,21.0,36,36,0.416,124,229,0.541,0.633,-0.091
1628380,Zach Collins,1610612741,CHI,F-C,27.0,63,56,0.429,120,227,0.529,0.634,-0.106
203084,Harrison Barnes,1610612759,SAS,F,33.0,82,75,0.283,155,227,0.683,0.637,0.045
1630162,Anthony Edwards,1610612750,MIN,G,23.0,79,73,0.286,148,226,0.655,0.618,0.036
1630643,Jay Huff,1610612763,MEM,C,27.0,60,57,0.503,121,226,0.535,0.627,-0.091
202699,Tobias Harris,1610612765,DET,F,32.0,73,70,0.286,151,225,0.671,0.632,0.039
203991,Clint Capela,1610612737,ATL,C,31.0,55,52,0.425,116,225,0.516,0.64,-0.125
1626164,Devin Booker,1610612756,PHX,G,28.0,75,72,0.284,151,224,0.674,0.629,0.045
1630553,Keon Johnson,1610612751,BKN,G,23.0,78,71,0.326,153,223,0.686,0.63,0.056
1631094,Paolo Banchero,1610612753,ORL,F,22.0,46,45,0.375,146,222,0.658,0.639,0.019
1630169,Tyrese Haliburton,1610612754,IND,G,25.0,73,69,0.324,140,222,0.631,0.61,0.021
1631165,Keon Ellis,1610612758,SAC,G,25.0,79,70,0.305,153,222,0.689,0.631,0.058
1629014,Anfernee Simons,1610612757,POR,G,26.0,70,66,0.3,161,219,0.735,0.636,0.099
1628369,Jayson Tatum,1610612738,BOS,F-G,27.0,71,67,0.353,144,219,0.658,0.636,0.022
1629060,Rui Hachimura,1610612747,LAL,F,27.0,59,59,0.343,139,219,0.635,0.634,0.001
1641708,Amen Thompson,1610612745,HOU,G-F,22.0,69,63,0.313,108,217,0.498,0.628,-0.13
1626171,Bobby Portis Jr.,1610612749,MIL,F,30.0,49,49,0.376,134,216,0.62,0.629,-0.009
1626172,Kevon Looney,1610612744,GSW,F,29.0,76,71,0.351,117,215,0.544,0.621,-0.077
1642264,Stephon Castle,1610612759,SAS,G,20.0,80,69,0.264,145,215,0.674,0.629,0.046
201143,Al Horford,1610612738,BOS,C-F,39.0,60,57,0.3,132,215,0.614,0.631,-0.017
1631114,Jalen Williams,1610612760,OKC,G-F,24.0,69,65,0.367,121,215,0.563,0.619,-0.056
1627752,Taurean Prince,1610612749,MIL,F,31.0,80,74,0.311,145,214,0.678,0.63,0.048
203994,Jusuf Nurkić,1610612766,CHA,C,30.0,51,50,0.392,120,213,0.563,0.644,-0.08
201942,DeMar DeRozan,1610612758,SAC,G-F,35.0,77,71,0.291,142,213,0.667,0.631,0.036
203897,Zach LaVine,1610612758,SAC,G,30.0,73,68,0.253,160,212,0.755,0.637,0.117
1627741,Buddy Hield,1610612744,GSW,G,32.0,82,70,0.295,145,208,0.697,0.631,0.066
1642367,Jonathan Mogbo,1610612761,TOR,F,23.0,62,57,0.384,134,207,0.647,0.622,0.025
1629656,Quentin Grimes,1610612755,PHI,G,25.0,75,65,0.32,136,205,0.663,0.62,0.043
1631096,Chet Holmgren,1610612760,OKC,C-F,23.0,32,30,0.466,90,204,0.441,0.629,-0.188
1629674,Neemias Queta,1610612738,BOS,C,25.0,57,49,0.42,115,202,0.569,0.618,-0.049
1626220,Royce O'Neale,1610612756,PHX,F,32.0,74,71,0.308,146,202,0.723,0.637,0.086
1627777,Georges Niang,1610612737,ATL,F,32.0,79,68,0.315,137,201,0.682,0.623,0.058
1629637,Jaxson Hayes,1610612747,LAL,C-F,25.0,56,55,0.393,107,201,0.532,0.626,-0.093
1629632,Coby White,1610612741,CHI,G,25.0,73,64,0.267,143,201,0.711,0.625,0.086
1629312,Haywood Highsmith,1610612748,MIA,F,28.0,74,63,0.257,122,200,0.61,0.617,-0.007
1629731,Dean Wade,1610612739,CLE,F-C,28.0,59,55,0.409,120,199,0.603,0.628,-0.025
1642345,Oso Ighodaro,1610612756,PHX,F,22.0,57,51,0.421,113,199,0.568,0.628,-0.06
201142,Kevin Durant,1610612756,PHX,F,36.0,62,61,0.275,104,198,0.525,0.632,-0.107
1641710,Anthony Black,1610612753,ORL,G,21.0,78,74,0.303,133,198,0.672,0.611,0.061
1631218,Trayce Jackson-Davis,1610612744,GSW,F,25.0,59,53,0.418,108,198,0.545,0.627,-0.082
1630598,Aaron Wiggins,1610612760,OKC,G,26.0,76,70,0.282,139,196,0.709,0.625,0.084
1629634,Brandon Clarke,1610612763,MEM,F,28.0,64,63,0.38,109,196,0.556,0.62,-0.064
1642346,Ryan Dunn,1610612756,PHX,F,22.0,71,64,0.31,121,195,0.621,0.631,-0.01
1630188,Jalen Smith,1610612741,CHI,F-C,25.0,62,60,0.425,108,195,0.554,0.631,-0.077
1631128,Christian Braun,1610612743,DEN,G,24.0,79,72,0.211,119,194,0.613,0.618,-0.004
1631115,Orlando Robinson,1610612761,TOR,C,24.0,43,39,0.477,113,193,0.585,0.621,-0.035
1626168,Trey Lyles,1610612758,SAC,F,29.0,69,60,0.334,127,192,0.661,0.629,0.032
1630217,Desmond Bane,1610612753,ORL,G,27.0,69,65,0.296,121,192,0.63,0.626,0.005
1641731,Bilal Coulibaly,1610612764,WAS,G,20.0,59,55,0.315,127,192,0.661,0.633,0.029
1630172,Patrick Williams,1610612741,CHI,F,23.0,62,56,0.348,133,191,0.696,0.637,0.059
1630548,Johnny Juzang,1610612762,UTA,G,24.0,64,58,0.361,129,190,0.679,0.632,0.047
101108,Chris Paul,1610612759,SAS,G,40.0,82,72,0.268,140,190,0.737,0.636,0.101
1630534,Ochai Agbaji,1610612761,TOR,G,25.0,64,59,0.299,109,190,0.574,0.627,-0.053
203952,Andrew Wiggins,1610612748,MIA,F,30.0,60,58,0.272,118,189,0.624,0.636,-0.011
1630703,Scoot Henderson,1610612757,POR,G,21.0,66,59,0.315,138,187,0.738,0.627,0.111
1628371,Jonathan Isaac,1610612753,ORL,F,27.0,71,66,0.439,84,185,0.454,0.635,-0.181
1630167,Obi Toppin,1610612754,IND,F,27.0,79,67,0.36,133,184,0.723,0.629,0.094
1642267,Bub Carrington,1610612764,WAS,G,19.0,82,74,0.246,135,184,0.734,0.629,0.104
1641730,Noah Clowney,1610612751,BKN,F-C,20.0,46,43,0.398,108,184,0.587,0.636,-0.049
1630552,Jalen Johnson,1610612737,ATL,F,23.0,36,35,0.386,121,184,0.658,0.636,0.021
1630170,Devin Vassell,1610612759,SAS,G-F,24.0,64,62,0.347,123,184,0.668,0.631,0.037
1630592,Jalen Wilson,1610612751,BKN,F,24.0,79,68,0.316,136,183,0.743,0.636,0.107
1630230,Naji Marshall,1610612742,DAL,F,27.0,69,62,0.304,130,183,0.71,0.626,0.085
1631101,Shaedon Sharpe,1610612757,POR,G,22.0,72,65,0.308,127,182,0.698,0.625,0.072
1631106,Tari Eason,1610612745,HOU,F,24.0,57,56,0.334,114,182,0.626,0.641,-0.015
203915,Spencer Dinwiddie,1610612742,DAL,G,32.0,78,69,0.278,130,181,0.718,0.623,0.095
1631255,Karlo Matković,1610612740,NOP,F-C,24.0,42,42,0.426,103,180,0.572,0.634,-0.061
1631107,Nikola Jović,1610612748,MIA,F,22.0,46,43,0.356,109,179,0.609,0.624,-0.016
1628973,Jalen Brunson,1610612752,NYK,G,28.0,65,59,0.275,131,179,0.732,0.631,0.101
1641718,Keyonte George,1610612762,UTA,G,21.0,67,62,0.26,148,177,0.836,0.635,0.201
1628368,De'Aaron Fox,1610612759,SAS,G,27.0,62,56,0.219,122,175,0.697,0.621,0.076
201587,Nicolas Batum,1610612746,LAC,G-F,36.0,77,69,0.368,99,175,0.566,0.632,-0.066
1629029,Luka Dončić,1610612747,LAL,F-G,26.0,50,48,0.281,108,175,0.617,0.637,-0.02
1629614,Andrew Nembhard,1610612754,IND,G-F,25.0,65,60,0.256,114,173,0.659,0.62,0.039
1629661,Cameron Johnson,1610612751,BKN,F,29.0,57,54,0.303,112,170,0.659,0.641,0.017
1629028,Deandre Ayton,1610612757,POR,C,26.0,40,39,0.313,90,170,0.529,0.644,-0.114
1630551,Justin Champagnie,1610612764,WAS,G-F,24.0,58,48,0.313,97,170,0.571,0.633,-0.062
1628381,John Collins,1610612762,UTA,F-C,27.0,40,39,0.371,103,169,0.609,0.63,-0.02
1641722,Jordan Hawkins,1610612740,NOP,G,23.0,55,52,0.328,121,168,0.72,0.634,0.086
1642377,Jaylen Wells,1610612763,MEM,F,21.0,79,73,0.253,120,168,0.714,0.629,0.085
1629628,RJ Barrett,1610612761,TOR,F-G,25.0,58,54,0.266,100,167,0.599,0.633,-0.034
1627884,Derrick Jones Jr.,1610612746,LAC,F,28.0,77,69,0.268,119,167,0.713,0.632,0.08
203932,Aaron Gordon,1610612743,DEN,F,29.0,51,43,0.314,111,166,0.669,0.629,0.04
1627759,Jaylen Brown,1610612738,BOS,G-F,28.0,63,55,0.245,113,166,0.681,0.632,0.049
1629234,Drew Eubanks,1610612746,LAC,F-C,28.0,58,50,0.415,86,165,0.521,0.635,-0.114
1630549,Day'Ron Sharpe,1610612751,BKN,C,23.0,50,47,0.435,87,164,0.53,0.624,-0.094
203078,Bradley Beal,1610612756,PHX,G,32.0,53,50,0.251,122,163,0.748,0.622,0.126
201566,Russell Westbrook,1610612743,DEN,G,36.0,75,65,0.289,100,163,0.613,0.624,-0.011
1630533,Ziaire Williams,1610612751,BKN,F,23.0,63,54,0.295,111,163,0.681,0.629,0.052
1626156,D'Angelo Russell,1610612751,BKN,G,29.0,58,52,0.304,114,163,0.699,0.624,0.075
1627832,Fred VanVleet,1610612745,HOU,G,31.0,60,55,0.261,109,162,0.673,0.627,0.046
1629631,De'Andre Hunter,1610612739,CLE,F-G,27.0,64,58,0.293,109,162,0.673,0.634,0.039
1628370,Malik Monk,1610612758,SAC,G,27.0,65,58,0.27,109,161,0.677,0.626,0.051
1631260,AJ Green,1610612749,MIL,G,25.0,72,59,0.232,117,161,0.727,0.618,0.109
1628398,Kyle Kuzma,1610612749,MIL,F,29.0,65,58,0.25,111,161,0.689,0.631,0.058
1629645,Kevin Porter Jr.,1610612749,MIL,G-F,25.0,75,68,0.275,115,161,0.714,0.629,0.085
1630558,Davion Mitchell,1610612748,MIA,G,26.0,73,65,0.25,111,160,0.694,0.629,0.065
203482,Kelly Olynyk,1610612740,NOP,F-C,34.0,44,42,0.394,101,160,0.631,0.632,0.0
1631170,Jaime Jaquez Jr.,1610612748,MIA,G,24.0,65,57,0.272,103,160,0.644,0.631,0.013
1629636,Darius Garland,1610612739,CLE,G,25.0,75,65,0.234,106,159,0.667,0.627,0.039
202710,Jimmy Butler III,1610612744,GSW,F,35.0,55,47,0.285,106,155,0.684,0.622,0.062
1628989,Kevin Huerter,1610612741,CHI,G-F,26.0,69,57,0.256,96,154,0.623,0.62,0.003
1630526,Jeremiah Robinson-Earl,1610612740,NOP,F,24.0,66,57,0.298,104,154,0.675,0.63,0.046
1627747,Caris LeVert,1610612737,ATL,G,30.0,64,55,0.27,104,154,0.675,0.614,0.062
1629750,Javonte Green,1610612739,CLE,G,31.0,67,55,0.32,89,152,0.586,0.62,-0.035
203501,Tim Hardaway Jr.,1610612765,DET,G-F,33.0,77,63,0.232,103,152,0.678,0.631,0.047
1630532,Franz Wagner,1610612753,ORL,F,23.0,60,56,0.264,101,152,0.664,0.63,0.035
1629652,Luguentz Dort,1610612760,OKC,G,26.0,71,64,0.232,93,152,0.612,0.633,-0.022
202331,Paul George,1610612755,PHI,F,35.0,41,40,0.335,97,151,0.642,0.639,0.003
1628997,Caleb Martin,1610612742,DAL,F,29.0,45,45,0.306,106,151,0.702,0.621,0.081
1629611,Terance Mann,1610612737,ATL,G-F,28.0,67,61,0.321,104,151,0.689,0.629,0.06
1641783,Tristan da Silva,1610612753,ORL,F,24.0,74,61,0.314,100,150,0.667,0.636,0.031
202681,Kyrie Irving,1610612742,DAL,G,33.0,50,48,0.307,104,149,0.698,0.627,0.071
1629130,Duncan Robinson,1610612748,MIA,F,31.0,74,66,0.288,115,149,0.772,0.628,0.143
203471,Dennis Schröder,1610612765,DET,G,31.0,75,69,0.246,111,148,0.75,0.628,0.122
202691,Klay Thompson,1610612742,DAL,G,35.0,72,63,0.271,97,148,0.655,0.627,0.028
1631222,Jake LaRavia,1610612758,SAC,F,23.0,66,59,0.306,108,147,0.735,0.623,0.112
1642275,Tidjane Salaün,1610612766,CHA,F,19.0,58,49,0.34,100,146,0.685,0.622,0.063
1630540,Miles McBride,1610612752,NYK,G,24.0,63,54,0.249,101,146,0.692,0.62,0.072
1630572,Sandro Mamukelashvili,1610612759,SAS,F-C,26.0,58,48,0.41,96,146,0.658,0.62,0.037
1641717,Cason Wallace,1610612760,OKC,G,21.0,68,64,0.211,94,145,0.648,0.621,0.027
203081,Damian Lillard,1610612749,MIL,G,34.0,58,50,0.227,109,144,0.757,0.631,0.126
203468,CJ McCollum,1610612740,NOP,G,33.0,56,48,0.237,111,144,0.771,0.63,0.141
1629673,Jordan Poole,1610612764,WAS,G,26.0,67,56,0.258,99,143,0.692,0.632,0.06
1630556,Kessler Edwards,1610612742,DAL,F,24.0,33,28,0.5,84,143,0.587,0.63,-0.042
1628960,Grayson Allen,1610612756,PHX,G,29.0,64,56,0.268,100,143,0.699,0.622,0.077
1631200,Kris Murray,1610612757,POR,F,24.0,57,49,0.451,87,142,0.613,0.621,-0.008
1630695,Micah Potter,1610612762,UTA,C,27.0,38,34,0.4,84,142,0.592,0.634,-0.043
1642366,Quinten Post,1610612744,GSW,C,25.0,40,37,0.405,79,142,0.556,0.625,-0.068
1641711,Gradey Dick,1610612761,TOR,G-F,21.0,54,49,0.285,105,140,0.75,0.644,0.106
201950,Jrue Holiday,1610612738,BOS,G,35.0,62,56,0.223,100,140,0.714,0.636,0.078
1642261,Dalton Knecht,1610612747,LAL,F,24.0,74,58,0.287,97,139,0.698,0.638,0.06
1641774,Tristan Vukcevic,1610612764,WAS,F,22.0,30,29,0.493,86,139,0.619,0.609,0.01
1628374,Lauri Markkanen,1610612762,UTA,F-C,28.0,47,44,0.303,91,139,0.655,0.636,0.019
1630557,Corey Kispert,1610612764,WAS,F,26.0,61,50,0.286,95,138,0.688,0.624,0.065
203500,Steven Adams,1610612745,HOU,C,31.0,54,50,0.34,71,138,0.514,0.646,-0.131
1641729,Brice Sensabaugh,1610612762,UTA,F,21.0,70,57,0.315,102,138,0.739,0.625,0.114
1630573,Sam Hauser,1610612738,BOS,F,27.0,70,56,0.291,90,138,0.652,0.617,0.035
203992,Bogdan Bogdanović,1610612746,LAC,G,32.0,54,48,0.276,94,137,0.686,0.635,0.051
1629027,Trae Young,1610612737,ATL,G,26.0,76,63,0.204,104,137,0.759,0.614,0.145
1630541,Moses Moody,1610612744,GSW,G,23.0,73,54,0.261,85,137,0.62,0.629,-0.008
1631213,Tyrese Martin,1610612751,BKN,F,26.0,56,49,0.317,96,136,0.706,0.631,0.075
1628998,Cody Martin,1610612756,PHX,F,29.0,52,46,0.315,89,135,0.659,0.633,0.026
1641763,Julian Phillips,1610612741,CHI,F,21.0,77,56,0.353,94,135,0.696,0.64,0.057
1630249,Vít Krejčí,1610612737,ATL,G,25.0,55,45,0.333,77,135,0.57,0.619,-0.049
203924,Jerami Grant,1610612757,POR,F,31.0,47,44,0.308,78,134,0.582,0.632,-0.05
1628978,Donte DiVincenzo,1610612750,MIN,G,28.0,62,59,0.294,87,133,0.654,0.622,0.032
1642266,Ja'Kobe Walter,1610612761,TOR,G,20.0,52,48,0.351,103,133,0.774,0.625,0.15
1641764,Brandin Podziemski,1610612744,GSW,G,22.0,63,57,0.258,89,132,0.674,0.624,0.05
1630192,Zeke Nnaji,1610612743,DEN,F-C,24.0,50,43,0.402,65,131,0.496,0.616,-0.12
203083,Andre Drummond,1610612755,PHI,C,31.0,39,37,0.388,84,131,0.641,0.629,0.012
203484,Kentavious Caldwell-Pope,1610612763,MEM,G,32.0,76,61,0.245,95,131,0.725,0.631,0.095
1631119,Jaylin Williams,1610612760,OKC,F,23.0,47,42,0.341,74,131,0.565,0.615,-0.05
1630174,Aaron Nesmith,1610612754,IND,G-F,25.0,45,41,0.299,76,130,0.585,0.625,-0.04
1642268,Isaiah Collier,1610612762,UTA,G,20.0,71,57,0.211,94,129,0.729,0.632,0.097
1630245,Ayo Dosunmu,1610612741,CHI,G,25.0,45,41,0.291,86,129,0.667,0.618,0.049
1629599,Amir Coffey,1610612746,LAC,G-F,28.0,72,60,0.259,93,129,0.721,0.632,0.089
203937,Kyle Anderson,1610612748,MIA,F-G,31.0,57,50,0.352,80,129,0.62,0.631,-0.011
201939,Stephen Curry,1610612744,GSW,G,37.0,70,56,0.233,83,128,0.648,0.637,0.011
1627736,Malik Beasley,1610612765,DET,G,28.0,82,62,0.22,93,127,0.732,0.626,0.106
1626145,Tyus Jones,1610612756,PHX,G,29.0,81,62,0.212,101,127,0.795,0.619,0.176
1630202,Payton Pritchard,1610612738,BOS,G,27.0,80,57,0.204,89,126,0.706,0.619,0.087
202687,Bismack Biyombo,1610612759,SAS,C,32.0,27,27,0.512,71,126,0.563,0.642,-0.078
1627739,Kris Dunn,1610612746,LAC,G,31.0,74,66,0.204,81,126,0.643,0.634,0.009
1629622,Max Strus,1610612739,CLE,G-F,29.0,50,43,0.26,87,126,0.69,0.633,0.058
1630241,Sam Merrill,1610612739,CLE,G,29.0,71,57,0.256,82,125,0.656,0.617,0.039
1642262,Cody Williams,1610612762,UTA,F,20.0,50,44,0.293,90,124,0.726,0.623,0.103
1641716,Jarace Walker,1610612754,IND,F,21.0,67,50,0.319,93,120,0.775,0.619,0.156
1629630,Ja Morant,1610612763,MEM,G,25.0,50,46,0.262,84,119,0.706,0.631,0.074
201144,Mike Conley,1610612750,MIN,G,37.0,70,58,0.226,82,119,0.689,0.625,0.064
1630591,Jalen Suggs,1610612753,ORL,G,24.0,35,34,0.354,71,118,0.602,0.628,-0.026
1630625,Dalano Banton,1610612757,POR,F,25.0,64,53,0.322,75,118,0.636,0.631,0.004
1627749,Dejounte Murray,1610612740,NOP,G,28.0,31,31,0.373,86,118,0.729,0.633,0.096
1631124,Julian Strawther,1610612743,DEN,G,23.0,64,55,0.233,75,118,0.636,0.628,0.008
1630570,Trendon Watford,1610612751,BKN,G-F,24.0,43,38,0.358,72,117,0.615,0.632,-0.017
1630175,Cole Anthony,1610612763,MEM,G,25.0,63,46,0.294,76,117,0.65,0.633,0.016
1630611,Gui Santos,1610612744,GSW,F,23.0,55,48,0.363,72,116,0.621,0.625,-0.005
1630590,Scotty Pippen Jr.,1610612763,MEM,G,24.0,78,58,0.183,85,115,0.739,0.621,0.118
1630539,Kai Jones,1610612742,DAL,C-F,24.0,36,31,0.487,62,115,0.539,0.633,-0.094
1641709,Ausar Thompson,1610612765,DET,G-F,22.0,59,47,0.241,58,115,0.504,0.632,-0.128
1629111,Jock Landale,1610612745,HOU,C,29.0,38,35,0.454,79,114,0.693,0.627,0.066
1642348,Justin Edwards,1610612755,PHI,F,21.0,44,37,0.267,82,113,0.726,0.637,0.089
1629216,Gabe Vincent,1610612747,LAL,G,29.0,72,56,0.216,82,113,0.726,0.627,0.099
1630178,Tyrese Maxey,1610612755,PHI,G,24.0,52,46,0.227,83,112,0.741,0.625,0.116
1631133,Jabari Walker,1610612757,POR,F,22.0,53,45,0.432,75,111,0.676,0.617,0.059
1628464,Daniel Theis,1610612740,NOP,F-C,33.0,38,34,0.42,63,111,0.568,0.618,-0.051
1628378,Donovan Mitchell,1610612739,CLE,G,28.0,71,57,0.214,68,110,0.618,0.63,-0.011
203939,Dwight Powell,1610612742,DAL,F-C,33.0,47,40,0.35,60,110,0.545,0.629,-0.084
1626181,Norman Powell,1610612746,LAC,G,32.0,60,51,0.229,82,109,0.752,0.629,0.123
1642419,Jamison Battle,1610612761,TOR,F,24.0,54,45,0.331,74,109,0.679,0.627,0.052
1627936,Alex Caruso,1610612760,OKC,G,31.0,54,45,0.27,62,109,0.569,0.628,-0.06
1629012,Collin Sexton,1610612762,UTA,G,26.0,63,48,0.249,77,108,0.713,0.635,0.078
1631323,Simone Fontecchio,1610612765,DET,F,29.0,74,52,0.27,76,108,0.704,0.616,0.088
203903,Jordan Clarkson,1610612762,UTA,G,33.0,37,34,0.372,78,108,0.722,0.647,0.075
1641733,Nick Smith Jr.,1610612766,CHA,G,21.0,57,47,0.271,78,108,0.722,0.629,0.094
1630228,Jonathan Kuminga,1610612744,GSW,F,22.0,47,41,0.295,63,107,0.589,0.628,-0.039
1630198,Isaiah Joe,1610612760,OKC,G,25.0,74,56,0.218,78,107,0.729,0.623,0.106
1630194,Paul Reed,1610612765,DET,F,26.0,44,34,0.476,56,107,0.523,0.636,-0.113
1628467,Maxi Kleber,1610612747,LAL,F,33.0,34,30,0.332,72,106,0.679,0.63,0.05
204456,T.J. McConnell,1610612754,IND,G,33.0,78,57,0.24,69,106,0.651,0.602,0.049
1628964,Mo Bamba,1610612740,NOP,C,27.0,32,29,0.471,56,105,0.533,0.618,-0.084
1626179,Terry Rozier,1610612748,MIA,G,31.0,63,46,0.199,71,105,0.676,0.619,0.057
1627732,Ben Simmons,1610612746,LAC,G-F,28.0,51,47,0.294,70,105,0.667,0.643,0.024
1629018,Gary Trent Jr.,1610612749,MIL,G,26.0,73,54,0.196,82,104,0.788,0.624,0.165
1630182,Josh Green,1610612766,CHA,G,24.0,67,54,0.177,81,104,0.779,0.627,0.152
203954,Joel Embiid,1610612755,PHI,C-F,31.0,19,19,0.37,66,104,0.635,0.63,0.005
1629646,Charles Bassey,1610612759,SAS,C-F,24.0,31,29,0.419,56,103,0.544,0.636,-0.092
1641741,Ricky Council IV,1610612755,PHI,G,23.0,66,46,0.274,67,103,0.65,0.629,0.022
1628379,Luke Kennard,1610612763,MEM,G,29.0,65,50,0.247,78,103,0.757,0.63,0.127
1629684,Grant Williams,1610612766,CHA,F,26.0,16,16,0.432,60,102,0.588,0.625,-0.036
1627780,Gary Payton II,1610612744,GSW,G,32.0,61,48,0.317,64,99,0.646,0.62,0.026
1641842,Ronald Holland II,1610612765,DET,F,19.0,79,54,0.274,71,98,0.724,0.622,0.102
1626158,Richaun Holmes,1610612764,WAS,F,31.0,31,27,0.416,49,96,0.51,0.632,-0.121
1630579,Jericho Sims,1610612749,MIL,C,26.0,47,35,0.374,51,96,0.531,0.622,-0.091
202695,Kawhi Leonard,1610612746,LAC,F,34.0,37,33,0.284,66,95,0.695,0.638,0.057
1631207,Dalen Terry,1610612741,CHI,F,22.0,71,52,0.276,57,95,0.6,0.625,-0.025
1641796,Pelle Larsson,1610612748,MIA,G,24.0,50,36,0.276,72,94,0.766,0.617,0.149
1641871,Duop Reath,1610612757,POR,C,29.0,42,28,0.388,56,94,0.596,0.63,-0.034
1629660,Ty Jerome,1610612739,CLE,G-F,27.0,69,54,0.21,74,93,0.796,0.637,0.159
1642263,Reed Sheppard,1610612745,HOU,G,21.0,51,40,0.369,64,93,0.688,0.617,0.071
1628971,Bruce Brown,1610612740,NOP,G-F,28.0,41,36,0.308,61,92,0.663,0.631,0.032
1642347,Jamal Shead,1610612761,TOR,G,22.0,75,52,0.214,71,92,0.772,0.619,0.153
1628449,Chris Boucher,1610612761,TOR,F,32.0,49,38,0.313,58,91,0.637,0.626,0.011
1629026,Kenrich Williams,1610612760,OKC,G-F,30.0,69,51,0.28,61,90,0.678,0.63,0.048
1630215,Jared Butler,1610612755,PHI,G,24.0,57,37,0.261,52,90,0.578,0.643,-0.066
1629610,DaQuan Jeffries,1610612766,CHA,G-F,27.0,45,41,0.242,57,89,0.64,0.641,-0.001
1630527,Brandon Boston,1610612740,NOP,G,23.0,42,34,0.289,70,88,0.795,0.612,0.183
1630631,Jose Alvarado,1610612740,NOP,G,27.0,56,37,0.215,61,87,0.701,0.635,0.067
1641767,Ben Sheppard,1610612754,IND,G,23.0,61,45,0.221,52,87,0.598,0.616,-0.018
1630231,KJ Martin,1610612762,UTA,F,24.0,42,37,0.29,45,86,0.523,0.62,-0.097
1642354,KJ Simpson,1610612766,CHA,G,22.0,34,30,0.322,62,86,0.721,0.627,0.094
1630163,LaMelo Ball,1610612766,CHA,G,23.0,47,40,0.22,62,86,0.721,0.621,0.1
1641706,Brandon Miller,1610612766,CHA,F,22.0,26,24,0.295,50,85,0.588,0.633,-0.045
1631132,Christian Koloko,1610612747,LAL,C,25.0,35,26,0.489,43,85,0.506,0.638,-0.132
1630171,Isaac Okoro,1610612739,CLE,F-G,24.0,53,41,0.229,56,85,0.659,0.642,0.017
1628988,Aaron Holiday,1610612745,HOU,G,28.0,58,40,0.296,54,84,0.643,0.601,0.042
1629004,Svi Mykhailiuk,1610612762,UTA,G-F,28.0,37,28,0.35,57,83,0.687,0.631,0.056
1631243,Mouhamed Gueye,1610612737,ATL,F,22.0,32,30,0.401,39,83,0.47,0.619,-0.149
1630560,Cam Thomas,1610612751,BKN,G,23.0,25,23,0.35,65,82,0.793,0.638,0.155
1641787,Tosan Evbuomwan,1610612751,BKN,F,24.0,28,26,0.363,44,81,0.543,0.622,-0.078
1629020,Jarred Vanderbilt,1610612747,LAL,F,26.0,36,28,0.397,50,81,0.617,0.628,-0.011
1642358,AJ Johnson,1610612764,WAS,G,20.0,26,23,0.348,57,80,0.713,0.602,0.111
1641748,Andre Jackson Jr.,1610612749,MIL,G,23.0,58,39,0.235,54,80,0.675,0.625,0.05
1631230,Dominick Barlow,1610612737,ATL,F,22.0,32,28,0.412,48,80,0.6,0.616,-0.016
1626166,Cameron Payne,1610612752,NYK,G,30.0,72,52,0.269,58,80,0.725,0.629,0.096
203458,Alex Len,1610612747,LAL,C,32.0,38,27,0.401,54,77,0.701,0.613,0.088
201599,DeAndre Jordan,1610612743,DEN,C,36.0,53,34,0.294,45,77,0.584,0.62,-0.036
1628366,Lonzo Ball,1610612741,CHI,G,27.0,34,30,0.266,47,76,0.618,0.621,-0.003
1641765,Olivier-Maxence Prosper,1610612742,DAL,F,22.0,47,32,0.321,46,75,0.613,0.623,-0.01
1630322,Lindy Waters III,1610612765,DET,F,27.0,46,29,0.298,54,75,0.72,0.636,0.084
1629627,Zion Williamson,1610612740,NOP,F,24.0,30,27,0.268,47,75,0.627,0.617,0.01
1630529,Herbert Jones,1610612740,NOP,F,26.0,20,19,0.338,52,75,0.693,0.605,0.088
1631157,Ryan Rollins,1610612749,MIL,G,22.0,52,33,0.265,44,74,0.595,0.619,-0.025
203114,Khris Middleton,1610612764,WAS,F,33.0,37,30,0.269,51,74,0.689,0.612,0.077
1629723,John Konchar,1610612763,MEM,G,29.0,41,26,0.318,46,74,0.622,0.624,-0.003
1630692,Jordan Goodwin,1610612747,LAL,G,26.0,27,23,0.411,60,74,0.811,0.645,0.166
202692,Alec Burks,1610612748,MIA,G,33.0,49,35,0.263,51,72,0.708,0.624,0.084
201959,Taj Gibson,1610612766,CHA,F,40.0,36,27,0.367,41,72,0.569,0.617,-0.047
1642272,Jared McCain,1610612755,PHI,G,21.0,23,19,0.327,56,72,0.778,0.627,0.15
1630702,Jaden Hardy,1610612742,DAL,G,22.0,49,32,0.304,45,72,0.625,0.616,0.009
1630658,Colin Castleton,1610612761,TOR,C,25.0,24,21,0.341,38,70,0.543,0.631,-0.088
1629006,Josh Okogie,1610612766,CHA,G,26.0,38,31,0.332,48,70,0.686,0.635,0.051
1629013,Landry Shamet,1610612752,NYK,G,28.0,48,34,0.249,54,70,0.771,0.637,0.134
1627742,Brandon Ingram,1610612761,TOR,F,27.0,18,17,0.427,47,70,0.671,0.641,0.03
1626153,Delon Wright,1610612752,NYK,G,33.0,36,28,0.318,48,67,0.716,0.602,0.114
1626192,Pat Connaughton,1610612749,MIL,G,32.0,40,30,0.275,41,66,0.621,0.636,-0.015
202709,Cory Joseph,1610612753,ORL,G,33.0,46,35,0.307,48,66,0.727,0.633,0.094
1642382,Branden Carlson,1610612760,OKC,C,26.0,23,17,0.478,33,66,0.5,0.616,-0.116
1629726,Garrison Mathews,1610612737,ATL,G,28.0,44,32,0.26,47,66,0.712,0.628,0.084
1641810,Antonio Reeves,1610612740,NOP,G,24.0,39,31,0.379,50,66,0.758,0.627,0.131
1641998,Trey Jemison III,1610612747,LAL,C,25.0,33,26,0.332,38,66,0.576,0.638,-0.062
1641715,Cam Whitmore,1610612745,HOU,F,20.0,47,32,0.317,42,66,0.636,0.627,0.009
1626204,Larry Nance Jr.,1610612737,ATL,F-C,32.0,23,21,0.337,39,65,0.6,0.636,-0.036
1631093,Jaden Ivey,1610612765,DET,G,23.0,30,27,0.223,42,64,0.656,0.63,0.026
1642024,Alex Reese,1610612755,PHI,F-C,26.0,15,14,0.441,42,64,0.656,0.633,0.023
201567,Kevin Love,1610612748,MIA,F-C,36.0,22,19,0.594,41,63,0.651,0.639,0.012
1630314,Brandon Williams,1610612742,DAL,G,25.0,27,20,0.38,50,63,0.794,0.631,0.162
1630574,Ariel Hukporti,1610612752,NYK,C,23.0,22,18,0.504,28,63,0.444,0.631,-0.186
1630193,Immanuel Quickley,1610612761,TOR,G,26.0,33,24,0.237,43,63,0.683,0.614,0.068
200768,Kyle Lowry,1610612755,PHI,G,39.0,35,29,0.296,45,63,0.714,0.634,0.08
1631288,Jamal Cain,1610612740,NOP,F,26.0,34,26,0.33,42,62,0.677,0.63,0.048
1642403,Isaac Jones,1610612758,SAC,F,24.0,33,28,0.437,35,62,0.565,0.625,-0.06
1631223,David Roddy,1610612745,HOU,F,24.0,31,25,0.363,39,61,0.639,0.627,0.012
1641854,Craig Porter Jr.,1610612739,CLE,G,25.0,45,31,0.299,35,61,0.574,0.604,-0.03
1629021,Moritz Wagner,1610612753,ORL,F-C,28.0,29,26,0.314,40,61,0.656,0.642,0.013
1641732,Colby Jones,1610612764,WAS,G,23.0,29,21,0.351,39,60,0.65,0.612,0.038
1629003,Shake Milton,1610612747,LAL,G,28.0,48,31,0.256,42,60,0.7,0.623,0.077
203914,Gary Harris,1610612753,ORL,G,30.0,45,32,0.276,39,58,0.672,0.614,0.059
1630200,Tre Jones,1610612741,CHI,G,25.0,46,32,0.216,46,58,0.793,0.616,0.177
1629057,Robert Williams III,1610612757,POR,C-F,27.0,20,17,0.324,21,56,0.375,0.621,-0.246
201145,Jeff Green,1610612745,HOU,F,38.0,32,25,0.364,45,56,0.804,0.639,0.165
1630288,Jeff Dowtin Jr.,1610612755,PHI,G,28.0,35,25,0.322,38,56,0.679,0.628,0.051
1631221,Collin Gillespie,1610612756,PHX,G,26.0,30,22,0.316,41,56,0.732,0.629,0.103
1631246,Vince Williams Jr.,1610612763,MEM,G,24.0,26,22,0.335,43,56,0.768,0.64,0.128
202684,Tristan Thompson,1610612739,CLE,C-F,34.0,37,27,0.301,31,56,0.554,0.613,-0.06
1627763,Malcolm Brogdon,1610612764,WAS,G,32.0,24,21,0.295,44,56,0.786,0.628,0.157
1629659,Talen Horton-Tucker,1610612741,CHI,G,24.0,53,34,0.215,42,56,0.75,0.612,0.138
1631204,Marcus Sasser,1610612765,DET,G,24.0,51,29,0.222,40,56,0.714,0.612,0.103
203552,Seth Curry,1610612766,CHA,G,34.0,64,38,0.212,47,55,0.855,0.635,0.219
1629629,Cam Reddish,1610612747,LAL,F-G,25.0,32,28,0.302,34,55,0.618,0.642,-0.024
1631172,Ousmane Dieng,1610612760,OKC,F,22.0,35,24,0.346,30,54,0.556,0.62,-0.065
1641724,Jett Howard,1610612753,ORL,G,21.0,52,33,0.274,35,54,0.648,0.613,0.035
1629626,Bol Bol,1610612756,PHX,C-F,25.0,32,21,0.286,31,53,0.585,0.623,-0.038
1629011,Mitchell Robinson,1610612752,NYK,C-F,27.0,17,17,0.449,32,53,0.604,0.641,-0.037
201569,Eric Gordon,1610612755,PHI,G,36.0,38,26,0.259,34,52,0.654,0.65,0.004
1630256,Jae'Sean Tate,1610612745,HOU,F,29.0,46,35,0.28,35,52,0.673,0.615,0.058
1642281,Jaylon Tyson,1610612739,CLE,G-F,22.0,38,23,0.279,36,51,0.706,0.614,0.092
1631111,Wendell Moore Jr.,1610612766,CHA,G,23.0,29,22,0.364,41,51,0.804,0.641,0.163
203995,Vasilije Micic,1610612756,PHX,G,31.0,40,27,0.259,39,51,0.765,0.625,0.14
1641816,Hunter Tyson,1610612743,DEN,F,25.0,45,27,0.289,34,50,0.68,0.624,0.056
1641740,Jaylen Clark,1610612750,MIN,G,23.0,37,26,0.299,35,50,0.7,0.626,0.074
1630568,Luka Garza,1610612750,MIN,C,26.0,34,26,0.426,31,49,0.633,0.641,-0.009
1642277,Johnny Furphy,1610612754,IND,G,20.0,37,25,0.327,36,48,0.75,0.611,0.139
1641757,Jordan Miller,1610612746,LAC,G,25.0,29,20,0.361,39,48,0.813,0.626,0.186
1629022,Lonnie Walker IV,1610612755,PHI,G-F,26.0,17,15,0.346,40,47,0.851,0.625,0.226
1631216,Caleb Houstan,1610612753,ORL,G,22.0,54,30,0.235,34,47,0.723,0.623,0.1
1628963,Marvin Bagley III,1610612763,MEM,F,26.0,27,14,0.307,25,46,0.543,0.659,-0.116
203967,Dario Saric,1610612743,DEN,F-C,31.0,15,15,0.446,32,45,0.711,0.638,0.074
203901,Elfrid Payton,1610612740,NOP,G,31.0,24,19,0.3,29,45,0.644,0.634,0.01
1641775,Jordan Walsh,1610612738,BOS,G,21.0,40,24,0.331,24,45,0.533,0.603,-0.069
1629618,Jalen Pickett,1610612743,DEN,G,25.0,42,22,0.197,28,45,0.622,0.634,-0.011
1631232,Keion Brooks Jr.,1610612740,NOP,F,24.0,13,10,0.355,27,44,0.614,0.643,-0.029
1631131,Oscar Tshiebwe,1610612762,UTA,F-C,25.0,14,14,0.333,33,43,0.767,0.644,0.123
1631104,Blake Wesley,1610612759,SAS,G,22.0,51,32,0.229,32,43,0.744,0.611,0.133
1642349,Ajay Mitchell,1610612760,OKC,G,23.0,36,23,0.226,28,42,0.667,0.612,0.054
1641721,Maxwell Lewis,1610612751,BKN,F,22.0,20,17,0.383,27,41,0.659,0.645,0.013
1641794,Dillon Jones,1610612760,OKC,F,23.0,45,22,0.223,24,40,0.6,0.623,-0.023
1628470,Torrey Craig,1610612738,BOS,F,34.0,25,20,0.292,23,40,0.575,0.637,-0.062
1628420,Monte Morris,1610612756,PHX,G,30.0,42,27,0.231,25,39,0.641,0.605,0.036
1641713,GG Jackson,1610612763,MEM,F,20.0,27,21,0.248,23,39,0.59,0.625,-0.036
1641720,Jalen Hood-Schifino,1610612755,PHI,G,22.0,15,13,0.351,21,39,0.538,0.589,-0.05
1630811,Keaton Wallace,1610612737,ATL,G,26.0,28,19,0.209,25,38,0.658,0.636,0.022
1642265,Rob Dillingham,1610612750,MIN,G,20.0,41,25,0.236,30,38,0.789,0.612,0.178
1629650,Moses Brown,1610612742,DAL,C,25.0,10,8,0.494,21,38,0.553,0.637,-0.085
1630243,Trevelin Queen,1610612753,ORL,G,28.0,28,19,0.253,28,38,0.737,0.649,0.088
1630639,A.J. Lawson,1610612761,TOR,G,24.0,24,16,0.304,26,38,0.684,0.6,0.084
1641712,Rayan Rupert,1610612757,POR,G-F,21.0,35,21,0.277,26,38,0.684,0.629,0.056
1641738,Kobe Brown,1610612746,LAC,F,25.0,26,20,0.434,23,36,0.639,0.623,0.016
203957,Dante Exum,1610612742,DAL,G,29.0,20,16,0.31,26,36,0.722,0.627,0.095
1641878,Damion Baugh,1610612766,CHA,G,24.0,15,13,0.254,25,35,0.714,0.649,0.066
203926,Doug McDermott,1610612758,SAC,F,33.0,36,24,0.271,19,35,0.543,0.606,-0.063
1630214,Xavier Tillman,1610612738,BOS,F,26.0,28,14,0.34,21,35,0.6,0.621,-0.021
1631245,Quenton Jackson,1610612754,IND,G,26.0,25,18,0.243,20,35,0.571,0.596,-0.024
203935,Marcus Smart,1610612764,WAS,G,31.0,33,20,0.184,21,35,0.6,0.627,-0.027
1631248,Baylor Scheierman,1610612738,BOS,G,24.0,26,15,0.293,20,34,0.588,0.615,-0.027
1631166,Drew Timme,1610612751,BKN,F,24.0,9,9,0.337,21,34,0.618,0.645,-0.028
1630283,Kylor Kelley,1610612747,LAL,C,27.0,11,11,0.33,21,34,0.618,0.66,-0.042
1642269,Devin Carter,1610612758,SAC,G,23.0,33,23,0.254,26,33,0.788,0.618,0.17
1641736,Reece Beekman,1610612751,BKN,G,23.0,32,17,0.286,28,32,0.875,0.631,0.244
1628981,Bruno Fernando,1610612761,TOR,F-C,26.0,15,10,0.437,19,31,0.613,0.638,-0.025
1631169,Josh Minott,1610612750,MIN,F,22.0,37,22,0.279,18,31,0.581,0.622,-0.041
1630542,Marcus Bagley,1610612755,PHI,F,23.0,10,8,0.33,17,31,0.548,0.618,-0.07
1628975,Jevon Carter,1610612741,CHI,G,29.0,29,17,0.256,20,30,0.667,0.592,0.075
1629643,Chuma Okeke,1610612739,CLE,F,26.0,8,8,0.411,23,30,0.767,0.618,0.148
1630264,Anthony Gill,1610612764,WAS,F,32.0,39,18,0.22,18,29,0.621,0.622,-0.001
202704,Reggie Jackson,1610612755,PHI,G,35.0,30,17,0.216,21,29,0.724,0.619,0.105
1630311,Pat Spencer,1610612744,GSW,G,28.0,27,15,0.397,22,29,0.759,0.658,0.1
1631250,Pete Nance,1610612749,MIL,F,25.0,10,8,0.439,21,29,0.724,0.664,0.06
1630544,Tre Mann,1610612766,CHA,G,24.0,13,13,0.277,20,28,0.714,0.609,0.105
1641798,Jaylen Martin,1610612764,WAS,G,21.0,13,8,0.311,20,28,0.714,0.592,0.122
1628396,Tony Bradley,1610612754,IND,C-F,27.0,9,7,0.422,12,27,0.444,0.609,-0.165
1631103,Malaki Branham,1610612759,SAS,F,22.0,36,22,0.245,17,27,0.63,0.617,0.013
1629162,Jordan McLaughlin,1610612759,SAS,G,29.0,37,18,0.257,19,26,0.731,0.599,0.132
1630543,Isaiah Jackson,1610612754,IND,F,23.0,5,5,0.542,9,26,0.346,0.627,-0.281
1642402,Enrique Freeman,1610612754,IND,F,24.0,18,13,0.377,17,26,0.654,0.654,-0.001
1630205,Lamar Stevens,1610612763,MEM,F,27.0,13,11,0.382,16,26,0.615,0.618,-0.003
1631306,Cole Swider,1610612754,IND,F,26.0,10,9,0.433,18,26,0.692,0.573,0.12
1641727,Dariq Whitehead,1610612751,BKN,G-F,20.0,14,10,0.305,23,25,0.92,0.593,0.327
1630531,Jaden Springer,1610612762,UTA,G,22.0,28,16,0.263,20,25,0.8,0.631,0.169
1631197,Jared Rhoden,1610612761,TOR,G,25.0,10,8,0.305,20,25,0.8,0.63,0.17
202066,Garrett Temple,1610612761,TOR,G-F,39.0,21,13,0.316,18,25,0.72,0.614,0.106
1630538,Bones Hyland,1610612750,MIN,G,24.0,22,13,0.32,17,24,0.708,0.63,0.079
1630165,Killian Hayes,1610612751,BKN,G,23.0,6,6,0.444,17,24,0.708,0.637,0.072
1631303,Justin Minaya,1610612757,POR,F,26.0,13,12,0.511,17,24,0.708,0.63,0.078
1631311,Lester Quinones,1610612740,NOP,G,24.0,11,8,0.411,16,23,0.696,0.609,0.087
1630545,Terrence Shannon Jr,1610612750,MIN,G-F,24.0,28,15,0.245,12,23,0.522,0.604,-0.082
202693,Markieff Morris,1610612747,LAL,F,35.0,14,11,0.4,11,22,0.5,0.629,-0.129
1631209,Isaiah Wong,1610612766,CHA,G,24.0,16,13,0.333,17,21,0.81,0.63,0.179
1642285,Cam Spencer,1610612763,MEM,G,25.0,20,11,0.333,18,21,0.857,0.628,0.229
1630550,JT Thor,1610612764,WAS,F,22.0,18,10,0.25,13,21,0.619,0.648,-0.029
1630696,Dru Smith,1610612748,MIA,G,27.0,14,10,0.21,11,21,0.524,0.607,-0.083
1629669,Jaylen Nowell,1610612764,WAS,G,25.0,7,6,0.392,15,20,0.75,0.63,0.12
1642278,Tyler Kolek,1610612752,NYK,G,24.0,25,12,0.22,15,20,0.75,0.636,0.114
1631098,Johnny Davis,1610612764,WAS,G,23.0,26,11,0.244,7,20,0.35,0.637,-0.287
201988,Patty Mills,1610612746,LAC,G,36.0,26,13,0.215,16,20,0.8,0.626,0.174
1629052,Oshae Brissett,1610612755,PHI,F-G,27.0,6,5,0.333,12,19,0.632,0.616,0.016
1642355,Bronny James,1610612747,LAL,G,20.0,18,11,0.317,13,19,0.684,0.583,0.101
1629680,Matisse Thybulle,1610612757,POR,G-F,28.0,15,10,0.244,15,19,0.789,0.625,0.164
1641890,Tyler Smith,1610612749,MIL,F,20.0,15,9,0.383,11,18,0.611,0.678,-0.067
1642352,Keshad Johnson,1610612748,MIA,F,24.0,11,8,0.378,9,17,0.529,0.609,-0.079
1641753,Chris Livingston,1610612749,MIL,F,21.0,14,9,0.405,11,17,0.647,0.593,0.054
1630699,MarJon Beauchamp,1610612752,NYK,F,24.0,27,13,0.286,10,16,0.625,0.578,0.047
1628427,Vlatko Cancar,1610612743,DEN,F,28.0,10,8,0.333,10,16,0.625,0.606,0.019
1627814,Damion Lee,1610612756,PHX,G-F,32.0,17,10,0.319,9,15,0.6,0.637,-0.037
1628365,Markelle Fultz,1610612758,SAC,G,27.0,17,9,0.25,8,15,0.533,0.619,-0.086
1641809,Drew Peterson,1610612738,BOS,F,25.0,16,7,0.275,7,14,0.5,0.61,-0.11
1642368,N'Faly Dante,1610612745,HOU,C,23.0,4,4,0.419,8,13,0.615,0.638,-0.023
1641772,Nae'Qwan Tomlin,1610612739,CLE,F,24.0,5,5,0.5,7,13,0.538,0.592,-0.053
1642359,Pacôme Dadiet,1610612752,NYK,F,19.0,16,9,0.31,10,13,0.769,0.621,0.148
1630537,Chris Duarte,1610612741,CHI,G,28.0,13,7,0.371,9,13,0.692,0.649,0.043
1641707,Taylor Hendricks,1610612762,UTA,F,21.0,3,3,0.406,7,13,0.538,0.67,-0.132
1631342,Daeqwon Plowden,1610612737,ATL,G-F,26.0,5,4,0.448,9,13,0.692,0.63,0.063
1626196,Josh Richardson,1610612748,MIA,G,31.0,8,6,0.25,12,12,1.0,0.597,0.403
1630604,E.J. Liddell,1610612741,CHI,F,24.0,9,8,0.5,7,12,0.583,0.625,-0.041
1641745,Adam Flagler,1610612760,OKC,G,25.0,20,9,0.207,8,12,0.667,0.584,0.083
1631466,Nate Williams,1610612745,HOU,G,26.0,12,8,0.25,5,12,0.417,0.633,-0.216
1641989,Elijah Harkless,1610612762,UTA,G,25.0,10,5,0.214,9,12,0.75,0.65,0.1
1631116,Patrick Baldwin Jr.,1610612746,LAC,F,22.0,15,11,0.429,6,12,0.5,0.634,-0.134
1631247,Luke Travers,1610612739,CLE,F,23.0,9,6,0.393,6,11,0.545,0.586,-0.041
1641723,Kobe Bufkin,1610612737,ATL,G,21.0,10,7,0.234,7,11,0.636,0.635,0.001
1631210,Jacob Toppin,1610612737,ATL,F,25.0,9,5,0.344,7,11,0.636,0.623,0.013
1642279,Ulrich Chomche,1610612761,TOR,C,19.0,6,4,0.526,8,10,0.8,0.579,0.221
1631321,Sidy Cissoko,1610612757,POR,G,21.0,11,5,0.417,7,10,0.7,0.575,0.125
1630600,Isaiah Mobley,1610612755,PHI,F,25.0,1,1,0.625,6,10,0.6,0.624,-0.024
1631301,Jaylen Sims,1610612766,CHA,G,26.0,6,6,0.233,9,10,0.9,0.604,0.296
1641734,Emoni Bates,1610612739,CLE,F,21.0,4,1,0.474,6,9,0.667,0.63,0.037
1631102,TyTy Washington Jr.,1610612756,PHX,G,23.0,10,5,0.273,8,9,0.889,0.628,0.261
1641789,Jazian Gortman,1610612742,DAL,G,22.0,8,4,0.391,7,9,0.778,0.626,0.151
1642530,Yuki Kawamura,1610612763,MEM,G,24.0,11,5,0.391,7,9,0.778,0.658,0.12
1641725,Trey Alexander,1610612743,DEN,G,22.0,13,8,0.257,8,9,0.889,0.649,0.24
1642422,Armel Traore,1610612747,LAL,F,22.0,7,6,0.533,3,8,0.375,0.642,-0.267
1628995,Kevin Knox II,1610612744,GSW,F,25.0,8,6,0.242,5,8,0.625,0.612,0.013
1631120,JD Davison,1610612738,BOS,G,22.0,10,8,0.364,4,8,0.5,0.577,-0.077
1642461,Spencer Jones,1610612743,DEN,F,24.0,13,4,0.211,2,8,0.25,0.565,-0.315
1642353,Cam Christie,1610612746,LAC,G,19.0,6,5,0.471,6,8,0.75,0.675,0.076
1642505,Alex Ducas,1610612760,OKC,G,24.0,12,6,0.242,6,8,0.75,0.563,0.187
1629001,De'Anthony Melton,1610612751,BKN,G,27.0,6,5,0.229,5,8,0.625,0.658,-0.033
1630623,Tyson Etienne,1610612751,BKN,G,25.0,7,5,0.216,7,8,0.875,0.675,0.2
203109,Jae Crowder,1610612758,SAC,F,34.0,8,5,0.241,6,7,0.857,0.611,0.246
1630649,Stanley Umude,1610612749,MIL,G,26.0,16,6,0.206,4,7,0.571,0.642,-0.07
1641817,Anton Watson,1610612752,NYK,F,24.0,6,5,0.667,5,6,0.833,0.61,0.224
1642384,Isaiah Crawford,1610612758,SAC,F,23.0,10,6,0.375,2,6,0.333,0.588,-0.255
1641857,Liam Robbins,1610612749,MIL,C,25.0,9,4,0.375,3,6,0.5,0.608,-0.108
1641790,PJ Hall,1610612743,DEN,C,23.0,14,6,0.222,2,6,0.333,0.583,-0.249
1641936,Miles Norris,1610612738,BOS,F,25.0,3,2,0.625,1,5,0.2,0.522,-0.322
1628408,PJ Dozier,1610612750,MIN,G-F,28.0,6,4,0.556,3,5,0.6,0.58,0.02
200782,P.J. Tucker,1610612752,NYK,F,40.0,3,1,0.25,3,5,0.6,0.588,0.012
1630346,Matt Ryan,1610612740,NOP,F,28.0,13,5,0.2,4,5,0.8,0.678,0.122
1642449,Tolu Smith,1610612765,DET,F,24.0,1,1,0.385,4,5,0.8,0.698,0.102
201949,James Johnson,1610612754,IND,F,38.0,8,3,0.385,2,5,0.4,0.597,-0.197
1629098,Jack McVeigh,1610612745,HOU,G-F,29.0,7,4,0.227,3,5,0.6,0.617,-0.017
1642484,RayJ Dennis,1610612754,IND,G,24.0,6,3,0.217,3,5,0.6,0.592,0.008
1630762,Phillip Wheeler,1610612755,PHI,F,23.0,4,1,0.385,3,5,0.6,0.592,0.008
1631159,Leonard Miller,1610612750,MIN,F,21.0,6,3,0.5,4,4,1.0,0.615,0.385
1630585,Marcus Garrett,1610612766,CHA,G,26.0,4,3,0.182,3,4,0.75,0.565,0.185
1631123,Jamaree Bouyea,1610612749,MIL,G,26.0,4,1,0.19,3,4,0.75,0.646,0.104
1630561,David Duke Jr.,1610612759,SAS,G,25.0,4,2,0.333,3,4,0.75,0.581,0.17
1630528,Josh Christopher,1610612748,MIA,G,23.0,5,1,0.174,3,4,0.75,0.669,0.082
1630222,Mason Jones,1610612758,SAC,G,26.0,5,2,0.333,0,4,0.0,0.541,-0.541
204060,Joe Ingles,1610612750,MIN,F-G,37.0,12,4,0.148,4,4,1.0,0.532,0.468
1641755,Kevin McCullar Jr.,1610612752,NYK,G,24.0,3,1,0.444,2,4,0.5,0.595,-0.095
1642385,Cui Cui,1610612751,BKN,F,22.0,1,1,1.0,2,3,0.667,0.579,0.088
1641752,Bobi Klintman,1610612765,DET,F,22.0,5,1,0.273,1,3,0.333,0.47,-0.136
1631121,Bryce McGowens,1610612757,POR,G,22.0,10,3,0.214,3,3,1.0,0.603,0.397
1630618,D.J. Carton,1610612761,TOR,G,24.0,2,2,0.75,2,3,0.667,0.659,0.008
1641766,Adama Sanogo,1610612741,CHI,F,23.0,2,2,0.222,1,2,0.5,0.625,-0.125
1630164,James Wiseman,1610612754,IND,C,24.0,1,1,0.5,2,2,1.0,0.648,0.352
1630201,Malachi Flynn,1610612759,SAS,G,27.0,3,2,0.143,0,2,0.0,0.597,-0.597
1642050,Jackson Rowe,1610612744,GSW,F,28.0,4,2,0.182,2,2,1.0,0.606,0.394
1642389,Zyon Pullin,1610612763,MEM,G,24.0,2,2,1.0,1,2,0.5,0.598,-0.098
1642280,Trentyn Flowers,1610612746,LAC,F,20.0,4,2,0.286,1,2,0.5,0.64,-0.14
1642443,Jahmir Young,1610612741,CHI,G,24.0,5,2,0.222,2,2,1.0,0.637,0.363
1641879,Yuri Collins,1610612744,GSW,G,24.0,2,2,0.667,2,2,1.0,0.752,0.249
1631127,Harrison Ingram,1610612759,SAS,F,22.0,4,1,0.125,0,1,0.0,0.655,-0.655
1630296,Braxton Key,1610612744,GSW,F,28.0,1,1,0.25,1,1,1.0,0.5,0.5
1641803,Tristen Newton,1610612750,MIN,G,24.0,3,1,0.125,0,1,0.0,0.636,-0.636
1630227,Daishen Nix,1610612750,MIN,G,23.0,3,1,0.25,1,1,1.0,0.608,0.392
1629667,Jalen McDaniels,1610612758,SAC,F,27.0,2,1,0.333,1,1,1.0,0.692,0.308
1631199,Ron Harper Jr.,1610612765,DET,G-F,25.0,1,1,1.0,0,1,0.0,0.618,-0.618
1626143,Jahlil Okafor,1610612754,IND,C-F,29.0,1,1,0.333,0,1,0.0,0.769,-0.769
1642502,Malevy Leons,1610612760,OKC,F,25.0,5,1,0.143,1,1,1.0,0.538,0.462
1630644,Mac McClung,1610612753,ORL,G,26.0,1,1,0.5,1,1,1.0,0.644,0.356
1642434,Riley Minix,1610612759,SAS,F,24.0,1,1,0.333,0,1,0.0,0.0,0.0
1642439,Quincy Olivari,1610612747,LAL,G,24.0,2,1,0.167,1,1,1.0,0.695,0.305
